name,val_accuracy,test_accuracy,val_loss,test_loss,params
No_Regularization,0.5185185074806213,0.48148149251937866,0.691353976726532,0.6922006011009216,"{'name': 'No_Regularization', 'l1': 0, 'l2': 0, 'dropout': 0.5}"
L1_Regularization,0.5185185074806213,0.48148149251937866,96.5245132446289,96.52456665039062,"{'name': 'L1_Regularization', 'l1': 0.001, 'l2': 0, 'dropout': 0.5}"
L2_Regularization,0.7407407164573669,0.5185185074806213,1.545372486114502,1.545236349105835,"{'name': 'L2_Regularization', 'l1': 0, 'l2': 0.001, 'dropout': 0.5}"
L1L2_Regularization,0.5185185074806213,0.5185185074806213,50.74578094482422,50.74628448486328,"{'name': 'L1L2_Regularization', 'l1': 0.0005, 'l2': 0.0005, 'dropout': 0.5}"
High_Dropout,0.5555555820465088,0.48148149251937866,0.6903523206710815,0.7006192803382874,"{'name': 'High_Dropout', 'l1': 0, 'l2': 0, 'dropout': 0.7}"
L2_High_Dropout,0.5185185074806213,0.48148149251937866,1.5261067152023315,1.5259917974472046,"{'name': 'L2_High_Dropout', 'l1': 0, 'l2': 0.001, 'dropout': 0.7}"
