name,val_accuracy,test_accuracy,val_loss,test_loss,params
No_Regularization,0.6666666865348816,0.48148149251937866,0.6885085105895996,0.6913449168205261,"{'name': 'No_Regularization', 'l1': 0, 'l2': 0, 'dropout': 0.5}"
L1_Regularization,0.5185185074806213,0.48148149251937866,96.16525268554688,96.16548156738281,"{'name': 'L1_Regularization', 'l1': 0.001, 'l2': 0, 'dropout': 0.5}"
L2_Regularization,0.48148149251937866,0.48148149251937866,1.543004035949707,1.5432618856430054,"{'name': 'L2_Regularization', 'l1': 0, 'l2': 0.001, 'dropout': 0.5}"
L1L2_Regularization,0.5185185074806213,0.5185185074806213,49.90005874633789,49.90107345581055,"{'name': 'L1L2_Regularization', 'l1': 0.0005, 'l2': 0.0005, 'dropout': 0.5}"
High_Dropout,0.5185185074806213,0.48148149251937866,0.6904224157333374,0.6925019025802612,"{'name': 'High_Dropout', 'l1': 0, 'l2': 0, 'dropout': 0.7}"
L2_High_Dropout,0.7037037014961243,0.48148149251937866,1.5296216011047363,1.5303797721862793,"{'name': 'L2_High_Dropout', 'l1': 0, 'l2': 0.001, 'dropout': 0.7}"
